key,label,params,seeds,cond_detach,init_block_ratio,init_bottom_top_ratio_confounded,final_loss_mean10,val_loss,attn_to_target_final,attn_to_target_init,attn_uniform_baseline,cond_path_share_final,final_trunk_rms,final_cond_rms,max_decomposition_error,diverged
bn,BN (Post),3197249,3,,3.65 ± 0.29,179.7 ± 13.7,2.7710 ± 0.4477,2.8050 ± 0.4593,0.117 ± 0.049,0.061 ± 0.001,0.059,,,,0.00e+00,
ln_post,LN / Post-LN,3197249,3,,2.22 ± 0.22,88.4 ± 13.0,3.3178 ± 0.0202,3.3469 ± 0.0018,0.061 ± 0.001,0.062 ± 0.000,0.059,,,,0.00e+00,
in,IN (Post),3197249,3,,31.29 ± 4.86,1332.7 ± 209.4,0.3078 ± 0.0856,0.3145 ± 0.0772,0.168 ± 0.022,0.060 ± 0.001,0.059,,,,0.00e+00,
gn,GN (Post),3197249,3,,2.66 ± 0.64,128.1 ± 29.4,1.7004 ± 0.0945,1.7165 ± 0.0787,0.189 ± 0.024,0.064 ± 0.000,0.059,,,,0.00e+00,
rms,RMSNorm (Post),3193153,3,,2.10 ± 0.30,82.9 ± 14.3,3.3227 ± 0.0124,3.3469 ± 0.0018,0.062 ± 0.000,0.062 ± 0.000,0.059,,,,0.00e+00,
adain,AdaIN (Post),4245825,3,,27.82 ± 2.63,1184.1 ± 126.4,0.2830 ± 0.0147,0.2904 ± 0.0320,0.159 ± 0.028,0.060 ± 0.002,0.059,0.025,1.355e-03,3.387e-05,2.60e-08,
adain_loc,AdaIN-local (Post),4245825,3,,27.82 ± 2.63,1184.1 ± 126.4,0.2053 ± 0.0187,0.2339 ± 0.0144,0.131 ± 0.008,0.060 ± 0.002,0.059,0.685,6.165e-04,6.848e-04,2.57e-08,
spade,SPADE (Post),3985729,3,,31.55 ± 3.62,1350.7 ± 178.3,0.2497 ± 0.0387,0.2683 ± 0.0236,0.142 ± 0.028,0.060 ± 0.002,0.059,0.617,1.056e-03,9.184e-04,2.62e-08,
wn,WN(無激活歸一化),3207489,3,,8662.94 ± 590.70,13784.5 ± 1540.3,2.5834 ± 0.0484,2.5905 ± 0.0388,0.096 ± 0.006,0.098 ± 0.014,0.059,,,,0.00e+00,
pre_ln,Pre-LN,3197505,3,,4.99 ± 0.53,278.3 ± 56.4,1.6563 ± 0.0083,1.8346 ± 0.0139,0.248 ± 0.013,0.063 ± 0.001,0.059,,,,0.00e+00,
sandwich,Sandwich-LN,3205697,3,,4.00 ± 0.43,367.3 ± 75.8,1.6115 ± 0.0190,1.7965 ± 0.0129,0.243 ± 0.009,0.062 ± 0.001,0.059,,,,0.00e+00,
deepnorm,DeepNorm,3197249,3,,0.99 ± 0.00,35.4 ± 0.3,1.7151 ± 0.0176,1.8839 ± 0.0076,0.393 ± 0.037,0.064 ± 0.002,0.059,,,,0.00e+00,
pre_rms,RMSNorm (Pre),3193409,3,,4.91 ± 0.50,275.4 ± 56.0,1.6632 ± 0.0070,1.8405 ± 0.0164,0.246 ± 0.014,0.062 ± 0.001,0.059,,,,0.00e+00,
adain_loc_detach,"AdaIN-local (Post, bypass 切斷)",4245825,3,yes,27.82 ± 2.63,1184.1 ± 126.4,0.3201 ± 0.0685,0.3359 ± 0.0512,0.128 ± 0.023,0.060 ± 0.002,0.059,0.000,8.186e-04,0.000e+00,0.00e+00,
spade_detach,"SPADE (Post, bypass 切斷)",3985729,3,yes,31.55 ± 3.62,1350.7 ± 178.3,0.2614 ± 0.0292,0.2815 ± 0.0300,0.142 ± 0.031,0.060 ± 0.002,0.059,0.000,1.017e-03,0.000e+00,0.00e+00,
