key,label,params,seeds,init_bottom_top_ratio,final_loss_mean10,attn_to_target_final,attn_uniform_baseline,cond_path_share_final,diverged
bn,BN (Post),3196992,3,159.6 ± 13.2,3.4566 ± 0.2415,0.154 ± 0.060,nan,,
ln_post,LN / Post-LN,3196992,3,69.3 ± 5.6,4.1619 ± 0.0005,0.064 ± 0.001,nan,,
in,IN (Post),3196992,3,1640.9 ± 270.2,3.5824 ± 0.8183,0.127 ± 0.091,nan,,
gn,GN (Post),3196992,3,106.8 ± 9.6,3.7861 ± 0.3209,0.156 ± 0.070,nan,,
rms,RMSNorm (Post),3192896,3,71.0 ± 2.6,4.1618 ± 0.0006,0.064 ± 0.002,nan,,
adain,AdaIN (Post),4245568,3,1581.6 ± 288.3,4.1494 ± 0.0003,0.072 ± 0.014,nan,0.002,
adain_loc,AdaIN-local (Post),4245568,3,1581.6 ± 288.3,0.0088 ± 0.0007,0.294 ± 0.067,nan,0.983,
spade,SPADE (Post),3985472,3,1396.5 ± 112.9,1.1087 ± 1.4157,0.289 ± 0.037,nan,0.982,
wn,WN(無激活歸一化),3207232,3,10944.2 ± 1030.4,4.0773 ± 0.0087,0.067 ± 0.006,nan,,
pre_ln,Pre-LN,3197248,3,268.0 ± 30.4,0.0003 ± 0.0000,0.606 ± 0.008,nan,,
sandwich,Sandwich-LN,3205440,3,348.3 ± 34.7,0.0003 ± 0.0000,0.544 ± 0.002,nan,,
deepnorm,DeepNorm,3196992,3,35.4 ± 0.1,0.0005 ± 0.0000,0.913 ± 0.004,nan,,
